NBN Atlas record ID,Occurrence ID,Licence,Rightsholder,Scientific name,Taxon author,Name qualifier,Common name,Species ID (TVK),Taxon Rank,Occurrence status,Start date,Start date day,Start date month,Start date year,End date,End date day,End date month,End date year,Locality,OSGR,Latitude (WGS84),Longitude (WGS84),Coordinate uncertainty (m),Verbatim depth,Recorder,Determiner,Individual count,Abundance,Abundance scale,Organism scope,Organism remarks,Sex,Life stage,Occurrence remarks,Identification verification status,Basis of record,Survey key,Dataset name,Dataset ID,Data provider,Data provider ID,Institution code,Kingdom,Phylum,Class,Order,Family,Genus,OSGR 100km,OSGR 10km,OSGR 2km,OSGR 1km,Country,State/Province,Vitality,public _ resolution _ in _ meters
f8cc13a7-45b5-409e-aa7e-401fcfd94f6e,9715,OGL,Bat Conservation Trust,Rhinolophus hipposideros,"(Bechstein, 1800)",,Lesser Horseshoe Bat,NHMSYS0000080177,species,present,05/06/1995,05,06,1995,,,,,,SN10,51.713143,-4.679273,7071.1,,Undisclosed,,,,,,,,,"If planning to visit the site, please contact the site recorder via BCT (nbmp@bats.org.uk). For Metadata go to https://registry.nbnatlas.org/public/showDataResource/dr945",Accepted,HumanObservation,,Hibernation Survey,dr945,Bat Conservation Trust,dp57,BCT,Animalia,Chordata,Mammalia,Chiroptera,Rhinolophidae,Rhinolophus,SN,SN10,,,United Kingdom,Wales,,
c8303448-1465-4f70-8353-3579b1acfd20,6778,OGL,Bat Conservation Trust,Rhinolophus ferrumequinum,"(Schreber, 1774)",,Greater Horseshoe Bat,NHMSYS0000080176,species,present,27/06/1978,27,06,1978,,,,,,SM80,51.702446,-5.11288,7071.1,,Undisclosed,,,,,,,,,"If planning to visit the site, please contact the site recorder via BCT (nbmp@bats.org.uk). For Metadata go to https://registry.nbnatlas.org/public/showDataResource/dr945",Accepted,HumanObservation,,Hibernation Survey,dr945,Bat Conservation Trust,dp57,BCT,Animalia,Chordata,Mammalia,Chiroptera,Rhinolophidae,Rhinolophus,SM,SM80,,,United Kingdom,Wales,,
c50755b9-9941-441c-b88b-22086991671b,9492,OGL,Bat Conservation Trust,Rhinolophus ferrumequinum,"(Schreber, 1774)",,Greater Horseshoe Bat,NHMSYS0000080176,species,present,09/06/1981,09,06,1981,,,,,,SM93,51.975553,-4.986159,7071.1,,Undisclosed,,,,,,,,,"If planning to visit the site, please contact the site recorder via BCT (nbmp@bats.org.uk). For Metadata go to https://registry.nbnatlas.org/public/showDataResource/dr945",Accepted,HumanObservation,,Hibernation Survey,dr945,Bat Conservation Trust,dp57,BCT,Animalia,Chordata,Mammalia,Chiroptera,Rhinolophidae,Rhinolophus,SM,SM93,,,United Kingdom,Wales,,
bfd1ebbd-bcc1-46e5-9866-0141e4d685f1,9319,OGL,Bat Conservation Trust,Rhinolophus ferrumequinum,"(Schreber, 1774)",,Greater Horseshoe Bat,NHMSYS0000080176,species,present,13/06/1975,13,06,1975,,,,,,SM80,51.702446,-5.11288,7071.1,,Undisclosed,,,,,,,,,"If planning to visit the site, please contact the site recorder via BCT (nbmp@bats.org.uk). For Metadata go to https://registry.nbnatlas.org/public/showDataResource/dr945",Accepted,HumanObservation,,Hibernation Survey,dr945,Bat Conservation Trust,dp57,BCT,Animalia,Chordata,Mammalia,Chiroptera,Rhinolophidae,Rhinolophus,SM,SM80,,,United Kingdom,Wales,,
bf7d1ad8-150c-4672-b399-f28443a3af71,9666,OGL,Bat Conservation Trust,Rhinolophus ferrumequinum,"(Schreber, 1774)",,Greater Horseshoe Bat,NHMSYS0000080176,species,present,27/06/1978,27,06,1978,,,,,,SN02,51.889356,-4.83509,7071.1,,Undisclosed,,,,,,,,,"If planning to visit the site, please contact the site recorder via BCT (nbmp@bats.org.uk). For Metadata go to https://registry.nbnatlas.org/public/showDataResource/dr945",Accepted,HumanObservation,,Hibernation Survey,dr945,Bat Conservation Trust,dp57,BCT,Animalia,Chordata,Mammalia,Chiroptera,Rhinolophidae,Rhinolophus,SN,SN02,,,United Kingdom,Wales,,
a14a7e7e-d119-406c-ac33-bc7d5863ff60,9698,OGL,Bat Conservation Trust,Rhinolophus ferrumequinum,"(Schreber, 1774)",,Greater Horseshoe Bat,NHMSYS0000080176,species,present,25/06/1979,25,06,1979,,,,,,SN00,51.709755,-4.823838,7071.1,,Undisclosed,,,,,,,,,"If planning to visit the site, please contact the site recorder via BCT (nbmp@bats.org.uk). For Metadata go to https://registry.nbnatlas.org/public/showDataResource/dr945",Accepted,HumanObservation,,Hibernation Survey,dr945,Bat Conservation Trust,dp57,BCT,Animalia,Chordata,Mammalia,Chiroptera,Rhinolophidae,Rhinolophus,SN,SN00,,,United Kingdom,Wales,,
9aea1fa6-1bb9-422c-9709-93f9f79efc33,6506,OGL,Bat Conservation Trust,Myotis nattereri,"(Kuhl, 1817)",,Natterer's Bat,NHMSYS0000080184,species,present,02/06/1994,02,06,1994,,,,,,SN71,51.819602,-3.814957,7071.1,,Undisclosed,,,,,,,,,"If planning to visit the site, please contact the site recorder via BCT (nbmp@bats.org.uk). For Metadata go to https://registry.nbnatlas.org/public/showDataResource/dr945",Accepted,HumanObservation,,Hibernation Survey,dr945,Bat Conservation Trust,dp57,BCT,Animalia,Chordata,Mammalia,Chiroptera,Vespertilionidae,Myotis,SN,SN71,,,United Kingdom,Wales,,
93bd46c1-3c2c-4ea6-9f71-541dd7726a5a,6507,OGL,Bat Conservation Trust,Myotis brandtii,"(Eversmann, 1845)",,Brandt's Bat,NHMSYS0000528026,species,present,02/06/1994,02,06,1994,,,,,,SN71,51.819602,-3.814957,7071.1,,Undisclosed,,,,,,,,,"If planning to visit the site, please contact the site recorder via BCT (nbmp@bats.org.uk). For Metadata go to https://registry.nbnatlas.org/public/showDataResource/dr945",Accepted,HumanObservation,,Hibernation Survey,dr945,Bat Conservation Trust,dp57,BCT,Animalia,Chordata,Mammalia,Chiroptera,Vespertilionidae,Myotis,SN,SN71,,,United Kingdom,Wales,,
6befe713-5445-46e3-ac3f-92b44b4723dc,480,OGL,Bat Conservation Trust,Myotis daubentonii,"(Kuhl, 1817)",,Daubenton's Bat,NHMSYS0000528028,species,present,10/06/1986,10,06,1986,,,,,,SU75,51.289206,-0.925863,7071.1,,Undisclosed,,,,,,,,,For Metadata go to https://registry.nbnatlas.org/public/showDataResource/dr945,Accepted,HumanObservation,,Hibernation Survey,dr945,Bat Conservation Trust,dp57,BCT,Animalia,Chordata,Mammalia,Chiroptera,Vespertilionidae,Myotis,SU,SU75,,,United Kingdom,England,,
6a3c61a5-b058-427e-82ca-b2d7370da04e,9665,OGL,Bat Conservation Trust,Rhinolophus ferrumequinum,"(Schreber, 1774)",,Greater Horseshoe Bat,NHMSYS0000080176,species,present,09/06/1978,09,06,1978,,,,,,SN02,51.889356,-4.83509,7071.1,,Undisclosed,,,,,,,,,"If planning to visit the site, please contact the site recorder via BCT (nbmp@bats.org.uk). For Metadata go to https://registry.nbnatlas.org/public/showDataResource/dr945",Accepted,HumanObservation,,Hibernation Survey,dr945,Bat Conservation Trust,dp57,BCT,Animalia,Chordata,Mammalia,Chiroptera,Rhinolophidae,Rhinolophus,SN,SN02,,,United Kingdom,Wales,,
5d1a1d61-385c-4c28-88e1-19e39edabbf2,9905,OGL,Bat Conservation Trust,Rhinolophus ferrumequinum,"(Schreber, 1774)",,Greater Horseshoe Bat,NHMSYS0000080176,species,present,27/06/1978,27,06,1978,,,,,,SM90,51.70619,-4.968375,7071.1,,Undisclosed,,,,,,,,,"If planning to visit the site, please contact the site recorder via BCT (nbmp@bats.org.uk). For Metadata go to https://registry.nbnatlas.org/public/showDataResource/dr945",Accepted,HumanObservation,,Hibernation Survey,dr945,Bat Conservation Trust,dp57,BCT,Animalia,Chordata,Mammalia,Chiroptera,Rhinolophidae,Rhinolophus,SM,SM90,,,United Kingdom,Wales,,
57ef84a6-7d0c-4f65-a0a0-904e0686eb06,9661,OGL,Bat Conservation Trust,Rhinolophus ferrumequinum,"(Schreber, 1774)",,Greater Horseshoe Bat,NHMSYS0000080176,species,present,10/06/1977,10,06,1977,,,,,,SN02,51.889356,-4.83509,7071.1,,Undisclosed,,,,,,,,,"If planning to visit the site, please contact the site recorder via BCT (nbmp@bats.org.uk). For Metadata go to https://registry.nbnatlas.org/public/showDataResource/dr945",Accepted,HumanObservation,,Hibernation Survey,dr945,Bat Conservation Trust,dp57,BCT,Animalia,Chordata,Mammalia,Chiroptera,Rhinolophidae,Rhinolophus,SN,SN02,,,United Kingdom,Wales,,
4cd14f64-1cfa-45af-910d-a792df06f0da,9491,OGL,Bat Conservation Trust,Rhinolophus ferrumequinum,"(Schreber, 1774)",,Greater Horseshoe Bat,NHMSYS0000080176,species,present,01/06/1981,01,06,1981,,,,,,SM93,51.975553,-4.986159,7071.1,,Undisclosed,,,,,,,,,"If planning to visit the site, please contact the site recorder via BCT (nbmp@bats.org.uk). For Metadata go to https://registry.nbnatlas.org/public/showDataResource/dr945",Accepted,HumanObservation,,Hibernation Survey,dr945,Bat Conservation Trust,dp57,BCT,Animalia,Chordata,Mammalia,Chiroptera,Rhinolophidae,Rhinolophus,SM,SM93,,,United Kingdom,Wales,,
4919d011-b906-4e1e-a7a1-3a973b89d1e0,9486,OGL,Bat Conservation Trust,Rhinolophus ferrumequinum,"(Schreber, 1774)",,Greater Horseshoe Bat,NHMSYS0000080176,species,present,20/06/1978,20,06,1978,,,,,,SM93,51.975553,-4.986159,7071.1,,Undisclosed,,,,,,,,,"If planning to visit the site, please contact the site recorder via BCT (nbmp@bats.org.uk). For Metadata go to https://registry.nbnatlas.org/public/showDataResource/dr945",Accepted,HumanObservation,,Hibernation Survey,dr945,Bat Conservation Trust,dp57,BCT,Animalia,Chordata,Mammalia,Chiroptera,Rhinolophidae,Rhinolophus,SM,SM93,,,United Kingdom,Wales,,
47deeeb9-032e-495f-88ab-e3e00afca6f4,1530,OGL,Bat Conservation Trust,Plecotus auritus,"(Linnaeus, 1758)",,Brown Long-eared Bat,NBNSYS0000005102,species,present,15/06/2005,15,06,2005,,,,,,TL14,52.091407,-0.322833,7071.1,,Undisclosed,,,,,,,,,For Metadata go to https://registry.nbnatlas.org/public/showDataResource/dr945,Accepted,HumanObservation,,Hibernation Survey,dr945,Bat Conservation Trust,dp57,BCT,Animalia,Chordata,Mammalia,Chiroptera,Vespertilionidae,Plecotus,TL,TL14,,,United Kingdom,England,,
39d2ff4a-843e-4614-b669-6dfb455b0fdd,9320,OGL,Bat Conservation Trust,Rhinolophus ferrumequinum,"(Schreber, 1774)",,Greater Horseshoe Bat,NHMSYS0000080176,species,present,27/06/1978,27,06,1978,,,,,,SM80,51.702446,-5.11288,7071.1,,Undisclosed,,,,,,,,,"If planning to visit the site, please contact the site recorder via BCT (nbmp@bats.org.uk). For Metadata go to https://registry.nbnatlas.org/public/showDataResource/dr945",Accepted,HumanObservation,,Hibernation Survey,dr945,Bat Conservation Trust,dp57,BCT,Animalia,Chordata,Mammalia,Chiroptera,Rhinolophidae,Rhinolophus,SM,SM80,,,United Kingdom,Wales,,
2f19b69f-5721-4268-8dfc-870e3d24cee8,6508,OGL,Bat Conservation Trust,Plecotus auritus,"(Linnaeus, 1758)",,Brown Long-eared Bat,NBNSYS0000005102,species,present,02/06/1994,02,06,1994,,,,,,SN71,51.819602,-3.814957,7071.1,,Undisclosed,,,,,,,,,"If planning to visit the site, please contact the site recorder via BCT (nbmp@bats.org.uk). For Metadata go to https://registry.nbnatlas.org/public/showDataResource/dr945",Accepted,HumanObservation,,Hibernation Survey,dr945,Bat Conservation Trust,dp57,BCT,Animalia,Chordata,Mammalia,Chiroptera,Vespertilionidae,Plecotus,SN,SN71,,,United Kingdom,Wales,,
0742fa29-a893-4a0b-be89-0be12eafd7a7,9714,OGL,Bat Conservation Trust,Rhinolophus ferrumequinum,"(Schreber, 1774)",,Greater Horseshoe Bat,NHMSYS0000080176,species,present,05/06/1995,05,06,1995,,,,,,SN10,51.713143,-4.679273,7071.1,,Undisclosed,,,,,,,,,"If planning to visit the site, please contact the site recorder via BCT (nbmp@bats.org.uk). For Metadata go to https://registry.nbnatlas.org/public/showDataResource/dr945",Accepted,HumanObservation,,Hibernation Survey,dr945,Bat Conservation Trust,dp57,BCT,Animalia,Chordata,Mammalia,Chiroptera,Rhinolophidae,Rhinolophus,SN,SN10,,,United Kingdom,Wales,,
063005e9-d9f1-453f-9f03-f355865dc487,9699,OGL,Bat Conservation Trust,Rhinolophus ferrumequinum,"(Schreber, 1774)",,Greater Horseshoe Bat,NHMSYS0000080176,species,present,28/06/1979,28,06,1979,,,,,,SN00,51.709755,-4.823838,7071.1,,Undisclosed,,,,,,,,,"If planning to visit the site, please contact the site recorder via BCT (nbmp@bats.org.uk). For Metadata go to https://registry.nbnatlas.org/public/showDataResource/dr945",Accepted,HumanObservation,,Hibernation Survey,dr945,Bat Conservation Trust,dp57,BCT,Animalia,Chordata,Mammalia,Chiroptera,Rhinolophidae,Rhinolophus,SN,SN00,,,United Kingdom,Wales,,
f1acd530-509f-4160-961f-922158b2f556,9057,OGL,Bat Conservation Trust,Rhinolophus ferrumequinum,"(Schreber, 1774)",,Greater Horseshoe Bat,NHMSYS0000080176,species,present,22/05/1981,22,05,1981,,,,,,SM90,51.70619,-4.968375,7071.1,,Undisclosed,,,,,,,,,"If planning to visit the site, please contact the site recorder via BCT (nbmp@bats.org.uk). For Metadata go to https://registry.nbnatlas.org/public/showDataResource/dr945",Accepted,HumanObservation,,Hibernation Survey,dr945,Bat Conservation Trust,dp57,BCT,Animalia,Chordata,Mammalia,Chiroptera,Rhinolophidae,Rhinolophus,SM,SM90,,,United Kingdom,Wales,,
eec50354-7b9f-491e-aaa8-610e598182eb,6305,OGL,Bat Conservation Trust,Myotis mystacinus/brandtii,,,Whiskered/Brandt's Bat,NHMSYS0000528030,species aggregate,present,12/05/1996,12,05,1996,,,,,,SN71,51.819602,-3.814957,7071.1,,Undisclosed,,,,,,,,,"If planning to visit the site, please contact the site recorder via BCT (nbmp@bats.org.uk). For Metadata go to https://registry.nbnatlas.org/public/showDataResource/dr945",Accepted,HumanObservation,,Hibernation Survey,dr945,Bat Conservation Trust,dp57,BCT,Animalia,Chordata,Mammalia,Chiroptera,Vespertilionidae,Myotis,SN,SN71,,,United Kingdom,Wales,,
ec0fa937-5cb0-4c10-8d24-78c39809010c,6806,OGL,Bat Conservation Trust,Rhinolophus ferrumequinum,"(Schreber, 1774)",,Greater Horseshoe Bat,NHMSYS0000080176,species,present,01/05/1978,01,05,1978,,,,,,SR99,51.616398,-4.962508,7071.1,,Undisclosed,,,,,,,,,"If planning to visit the site, please contact the site recorder via BCT (nbmp@bats.org.uk). For Metadata go to https://registry.nbnatlas.org/public/showDataResource/dr945",Accepted,HumanObservation,,Hibernation Survey,dr945,Bat Conservation Trust,dp57,BCT,Animalia,Chordata,Mammalia,Chiroptera,Rhinolophidae,Rhinolophus,SR,SR99,,,United Kingdom,Wales,,
ea466d05-b4b1-4830-a0a6-a61a34cd0134,6818,OGL,Bat Conservation Trust,Rhinolophus ferrumequinum,"(Schreber, 1774)",,Greater Horseshoe Bat,NHMSYS0000080176,species,present,27/05/1978,27,05,1978,,,,,,SR99,51.616398,-4.962508,7071.1,,Undisclosed,,,,,,,,,"If planning to visit the site, please contact the site recorder via BCT (nbmp@bats.org.uk). For Metadata go to https://registry.nbnatlas.org/public/showDataResource/dr945",Accepted,HumanObservation,,Hibernation Survey,dr945,Bat Conservation Trust,dp57,BCT,Animalia,Chordata,Mammalia,Chiroptera,Rhinolophidae,Rhinolophus,SR,SR99,,,United Kingdom,Wales,,
e96a198c-81a1-4173-a935-2399233720c2,6825,OGL,Bat Conservation Trust,Rhinolophus ferrumequinum,"(Schreber, 1774)",,Greater Horseshoe Bat,NHMSYS0000080176,species,present,22/05/1979,22,05,1979,,,,,,SR99,51.616398,-4.962508,7071.1,,Undisclosed,,,,,,,,,"If planning to visit the site, please contact the site recorder via BCT (nbmp@bats.org.uk). For Metadata go to https://registry.nbnatlas.org/public/showDataResource/dr945",Accepted,HumanObservation,,Hibernation Survey,dr945,Bat Conservation Trust,dp57,BCT,Animalia,Chordata,Mammalia,Chiroptera,Rhinolophidae,Rhinolophus,SR,SR99,,,United Kingdom,Wales,,
e3327f9f-f39a-4d5d-9a78-612e17addf2b,8509,OGL,Bat Conservation Trust,Myotis daubentonii,"(Kuhl, 1817)",,Daubenton's Bat,NHMSYS0000528028,species,present,05/05/1996,05,05,1996,,,,,,SN71,51.819602,-3.814957,7071.1,,Undisclosed,,,,,,,,,"If planning to visit the site, please contact the site recorder via BCT (nbmp@bats.org.uk). For Metadata go to https://registry.nbnatlas.org/public/showDataResource/dr945",Accepted,HumanObservation,,Hibernation Survey,dr945,Bat Conservation Trust,dp57,BCT,Animalia,Chordata,Mammalia,Chiroptera,Vespertilionidae,Myotis,SN,SN71,,,United Kingdom,Wales,,
e11d2716-0753-434f-bebd-7ad4a049a439,24609,OGL,Bat Conservation Trust,Rhinolophus ferrumequinum,"(Schreber, 1774)",,Greater Horseshoe Bat,NHMSYS0000080176,species,present,21/05/2003,21,05,2003,,,,,,SN14,52.072381,-4.70074,7071.1,,Undisclosed,,,,,,,,,"If planning to visit the site, please contact the site recorder via BCT (nbmp@bats.org.uk). For Metadata go to https://registry.nbnatlas.org/public/showDataResource/dr945",Accepted,HumanObservation,,Hibernation Survey,dr945,Bat Conservation Trust,dp57,BCT,Animalia,Chordata,Mammalia,Chiroptera,Rhinolophidae,Rhinolophus,SN,SN14,,,United Kingdom,Wales,,
e0a67d11-d4a1-472e-930e-2186a1f7f01f,23728,OGL,Bat Conservation Trust,Rhinolophus hipposideros,"(Bechstein, 1800)",,Lesser Horseshoe Bat,NHMSYS0000080177,species,present,21/05/2014,21,05,2014,,,,,,SP11,51.833413,-1.78372,7071.1,,Undisclosed,,,,,,,,,For Metadata go to https://registry.nbnatlas.org/public/showDataResource/dr945,Accepted,HumanObservation,,Hibernation Survey,dr945,Bat Conservation Trust,dp57,BCT,Animalia,Chordata,Mammalia,Chiroptera,Rhinolophidae,Rhinolophus,SP,SP11,,,United Kingdom,England,,
d8f7f32f-2a99-4837-bffc-15dcf379f1f0,6823,OGL,Bat Conservation Trust,Rhinolophus ferrumequinum,"(Schreber, 1774)",,Greater Horseshoe Bat,NHMSYS0000080176,species,present,10/05/1979,10,05,1979,,,,,,SR99,51.616398,-4.962508,7071.1,,Undisclosed,,,,,,,,,"If planning to visit the site, please contact the site recorder via BCT (nbmp@bats.org.uk). For Metadata go to https://registry.nbnatlas.org/public/showDataResource/dr945",Accepted,HumanObservation,,Hibernation Survey,dr945,Bat Conservation Trust,dp57,BCT,Animalia,Chordata,Mammalia,Chiroptera,Rhinolophidae,Rhinolophus,SR,SR99,,,United Kingdom,Wales,,
caa071a3-5744-4a37-9c08-f7ba6c806a53,6816,OGL,Bat Conservation Trust,Rhinolophus ferrumequinum,"(Schreber, 1774)",,Greater Horseshoe Bat,NHMSYS0000080176,species,present,23/05/1978,23,05,1978,,,,,,SR99,51.616398,-4.962508,7071.1,,Undisclosed,,,,,,,,,"If planning to visit the site, please contact the site recorder via BCT (nbmp@bats.org.uk). For Metadata go to https://registry.nbnatlas.org/public/showDataResource/dr945",Accepted,HumanObservation,,Hibernation Survey,dr945,Bat Conservation Trust,dp57,BCT,Animalia,Chordata,Mammalia,Chiroptera,Rhinolophidae,Rhinolophus,SR,SR99,,,United Kingdom,Wales,,
c68d6cdc-d809-40d3-86e1-e3aaa94445f1,6812,OGL,Bat Conservation Trust,Rhinolophus ferrumequinum,"(Schreber, 1774)",,Greater Horseshoe Bat,NHMSYS0000080176,species,present,12/05/1978,12,05,1978,,,,,,SR99,51.616398,-4.962508,7071.1,,Undisclosed,,,,,,,,,"If planning to visit the site, please contact the site recorder via BCT (nbmp@bats.org.uk). For Metadata go to https://registry.nbnatlas.org/public/showDataResource/dr945",Accepted,HumanObservation,,Hibernation Survey,dr945,Bat Conservation Trust,dp57,BCT,Animalia,Chordata,Mammalia,Chiroptera,Rhinolophidae,Rhinolophus,SR,SR99,,,United Kingdom,Wales,,
c2c436b7-295f-45f9-b0a6-2feeb267fa95,8511,OGL,Bat Conservation Trust,Myotis brandtii,"(Eversmann, 1845)",,Brandt's Bat,NHMSYS0000528026,species,present,05/05/1996,05,05,1996,,,,,,SN71,51.819602,-3.814957,7071.1,,Undisclosed,,,,,,,,,"If planning to visit the site, please contact the site recorder via BCT (nbmp@bats.org.uk). For Metadata go to https://registry.nbnatlas.org/public/showDataResource/dr945",Accepted,HumanObservation,,Hibernation Survey,dr945,Bat Conservation Trust,dp57,BCT,Animalia,Chordata,Mammalia,Chiroptera,Vespertilionidae,Myotis,SN,SN71,,,United Kingdom,Wales,,
b85968a2-bc5f-4abb-9398-60265f9fb402,6807,OGL,Bat Conservation Trust,Rhinolophus ferrumequinum,"(Schreber, 1774)",,Greater Horseshoe Bat,NHMSYS0000080176,species,present,02/05/1978,02,05,1978,,,,,,SR99,51.616398,-4.962508,7071.1,,Undisclosed,,,,,,,,,"If planning to visit the site, please contact the site recorder via BCT (nbmp@bats.org.uk). For Metadata go to https://registry.nbnatlas.org/public/showDataResource/dr945",Accepted,HumanObservation,,Hibernation Survey,dr945,Bat Conservation Trust,dp57,BCT,Animalia,Chordata,Mammalia,Chiroptera,Rhinolophidae,Rhinolophus,SR,SR99,,,United Kingdom,Wales,,
b84a2d88-f5aa-45b6-9d3f-f01b89749550,6813,OGL,Bat Conservation Trust,Rhinolophus ferrumequinum,"(Schreber, 1774)",,Greater Horseshoe Bat,NHMSYS0000080176,species,present,13/05/1978,13,05,1978,,,,,,SR99,51.616398,-4.962508,7071.1,,Undisclosed,,,,,,,,,"If planning to visit the site, please contact the site recorder via BCT (nbmp@bats.org.uk). For Metadata go to https://registry.nbnatlas.org/public/showDataResource/dr945",Accepted,HumanObservation,,Hibernation Survey,dr945,Bat Conservation Trust,dp57,BCT,Animalia,Chordata,Mammalia,Chiroptera,Rhinolophidae,Rhinolophus,SR,SR99,,,United Kingdom,Wales,,
b59b8b8a-e62c-4228-bcc6-f74ad548d353,8031,OGL,Bat Conservation Trust,Rhinolophus hipposideros,"(Bechstein, 1800)",,Lesser Horseshoe Bat,NHMSYS0000080177,species,present,09/05/1999,09,05,1999,,,,,,SS49,51.632398,-4.240976,7071.1,,Undisclosed,,,,,,,,,"If planning to visit the site, please contact the site recorder via BCT (nbmp@bats.org.uk). For Metadata go to https://registry.nbnatlas.org/public/showDataResource/dr945",Accepted,HumanObservation,,Hibernation Survey,dr945,Bat Conservation Trust,dp57,BCT,Animalia,Chordata,Mammalia,Chiroptera,Rhinolophidae,Rhinolophus,SS,SS49,,,United Kingdom,Wales,,
a4e56479-7ad5-482c-b47d-e602111d141f,9382,OGL,Bat Conservation Trust,Rhinolophus ferrumequinum,"(Schreber, 1774)",,Greater Horseshoe Bat,NHMSYS0000080176,species,present,24/05/1979,24,05,1979,,,,,,SM90,51.70619,-4.968375,7071.1,,Undisclosed,,,,,,,,,"If planning to visit the site, please contact the site recorder via BCT (nbmp@bats.org.uk). For Metadata go to https://registry.nbnatlas.org/public/showDataResource/dr945",Accepted,HumanObservation,,Hibernation Survey,dr945,Bat Conservation Trust,dp57,BCT,Animalia,Chordata,Mammalia,Chiroptera,Rhinolophidae,Rhinolophus,SM,SM90,,,United Kingdom,Wales,,
a48fb6ae-044c-41f4-8a15-67e73fca8896,9279,OGL,Bat Conservation Trust,Rhinolophus ferrumequinum,"(Schreber, 1774)",,Greater Horseshoe Bat,NHMSYS0000080176,species,present,09/05/1999,09,05,1999,,,,,,SS68,51.547696,-3.948342,7071.1,,Undisclosed,,,,,,,,,"If planning to visit the site, please contact the site recorder via BCT (nbmp@bats.org.uk). For Metadata go to https://registry.nbnatlas.org/public/showDataResource/dr945",Accepted,HumanObservation,,Hibernation Survey,dr945,Bat Conservation Trust,dp57,BCT,Animalia,Chordata,Mammalia,Chiroptera,Rhinolophidae,Rhinolophus,SS,SS68,,,United Kingdom,Wales,,
9882553e-d65e-4384-97d4-d8560cd201f0,24608,OGL,Bat Conservation Trust,Rhinolophus ferrumequinum,"(Schreber, 1774)",,Greater Horseshoe Bat,NHMSYS0000080176,species,present,06/05/2003,06,05,2003,,,,,,SN14,52.072381,-4.70074,7071.1,,Undisclosed,,,,,,,,,"If planning to visit the site, please contact the site recorder via BCT (nbmp@bats.org.uk). For Metadata go to https://registry.nbnatlas.org/public/showDataResource/dr945",Accepted,HumanObservation,,Hibernation Survey,dr945,Bat Conservation Trust,dp57,BCT,Animalia,Chordata,Mammalia,Chiroptera,Rhinolophidae,Rhinolophus,SN,SN14,,,United Kingdom,Wales,,
833b7ea9-d12a-4321-81a6-614530cf986a,9443,OGL,Bat Conservation Trust,Pipistrellus pipistrellus,"(Schreber, 1774)",sensu lato,Pipistrelle,NHMSYS0020001356,species aggregate,present,30/05/1994,30,05,1994,,,,,,SN14,52.072381,-4.70074,7071.1,,Undisclosed,,,,,,,,,"If planning to visit the site, please contact the site recorder via BCT (nbmp@bats.org.uk). For Metadata go to https://registry.nbnatlas.org/public/showDataResource/dr945",Accepted,HumanObservation,,Hibernation Survey,dr945,Bat Conservation Trust,dp57,BCT,Animalia,Chordata,Mammalia,Chiroptera,Vespertilionidae,Pipistrellus,SN,SN14,,,United Kingdom,Wales,,
819b9bc1-3311-4990-9e06-37b7c99cf086,9239,OGL,Bat Conservation Trust,Rhinolophus hipposideros,"(Bechstein, 1800)",,Lesser Horseshoe Bat,NHMSYS0000080177,species,present,31/05/1997,31,05,1997,,,,,,SS48,51.542554,-4.236558,7071.1,,Undisclosed,,,,,,,,,"If planning to visit the site, please contact the site recorder via BCT (nbmp@bats.org.uk). For Metadata go to https://registry.nbnatlas.org/public/showDataResource/dr945",Accepted,HumanObservation,,Hibernation Survey,dr945,Bat Conservation Trust,dp57,BCT,Animalia,Chordata,Mammalia,Chiroptera,Rhinolophidae,Rhinolophus,SS,SS48,,,United Kingdom,Wales,,
80d16d91-b6be-447c-82d3-0f12b46788e3,9225,OGL,Bat Conservation Trust,Rhinolophus ferrumequinum,"(Schreber, 1774)",,Greater Horseshoe Bat,NHMSYS0000080176,species,present,09/05/1999,09,05,1999,,,,,,SS49,51.632398,-4.240976,7071.1,,Undisclosed,,,,,,,,,"If planning to visit the site, please contact the site recorder via BCT (nbmp@bats.org.uk). For Metadata go to https://registry.nbnatlas.org/public/showDataResource/dr945",Accepted,HumanObservation,,Hibernation Survey,dr945,Bat Conservation Trust,dp57,BCT,Animalia,Chordata,Mammalia,Chiroptera,Rhinolophidae,Rhinolophus,SS,SS49,,,United Kingdom,Wales,,
7ea23a46-89da-49b1-9dc9-12b566505c4b,6811,OGL,Bat Conservation Trust,Rhinolophus ferrumequinum,"(Schreber, 1774)",,Greater Horseshoe Bat,NHMSYS0000080176,species,present,08/05/1978,08,05,1978,,,,,,SR99,51.616398,-4.962508,7071.1,,Undisclosed,,,,,,,,,"If planning to visit the site, please contact the site recorder via BCT (nbmp@bats.org.uk). For Metadata go to https://registry.nbnatlas.org/public/showDataResource/dr945",Accepted,HumanObservation,,Hibernation Survey,dr945,Bat Conservation Trust,dp57,BCT,Animalia,Chordata,Mammalia,Chiroptera,Rhinolophidae,Rhinolophus,SR,SR99,,,United Kingdom,Wales,,
79c36202-380a-4142-bac4-52d4068922fe,7397,OGL,Bat Conservation Trust,Rhinolophus hipposideros,"(Bechstein, 1800)",,Lesser Horseshoe Bat,NHMSYS0000080177,species,present,29/05/1977,29,05,1977,,,,,,SS58,51.545213,-4.092461,7071.1,,Undisclosed,,,,,,,,,"If planning to visit the site, please contact the site recorder via BCT (nbmp@bats.org.uk). For Metadata go to https://registry.nbnatlas.org/public/showDataResource/dr945",Accepted,HumanObservation,,Hibernation Survey,dr945,Bat Conservation Trust,dp57,BCT,Animalia,Chordata,Mammalia,Chiroptera,Rhinolophidae,Rhinolophus,SS,SS58,,,United Kingdom,Wales,,
765498e0-0dcd-468c-b8d2-274f81b76f54,9413,OGL,Bat Conservation Trust,Rhinolophus hipposideros,"(Bechstein, 1800)",,Lesser Horseshoe Bat,NHMSYS0000080177,species,present,09/05/1999,09,05,1999,,,,,,SS49,51.632398,-4.240976,7071.1,,Undisclosed,,,,,,,,,"If planning to visit the site, please contact the site recorder via BCT (nbmp@bats.org.uk). For Metadata go to https://registry.nbnatlas.org/public/showDataResource/dr945",Accepted,HumanObservation,,Hibernation Survey,dr945,Bat Conservation Trust,dp57,BCT,Animalia,Chordata,Mammalia,Chiroptera,Rhinolophidae,Rhinolophus,SS,SS49,,,United Kingdom,Wales,,
6fa48c55-06b6-464d-b593-8c76b0913737,9321,OGL,Bat Conservation Trust,Rhinolophus ferrumequinum,"(Schreber, 1774)",,Greater Horseshoe Bat,NHMSYS0000080176,species,present,16/05/1979,16,05,1979,,,,,,SM80,51.702446,-5.11288,7071.1,,Undisclosed,,,,,,,,,"If planning to visit the site, please contact the site recorder via BCT (nbmp@bats.org.uk). For Metadata go to https://registry.nbnatlas.org/public/showDataResource/dr945",Accepted,HumanObservation,,Hibernation Survey,dr945,Bat Conservation Trust,dp57,BCT,Animalia,Chordata,Mammalia,Chiroptera,Rhinolophidae,Rhinolophus,SM,SM80,,,United Kingdom,Wales,,
6a7cf463-683a-4322-ab48-e3b5cd641221,6814,OGL,Bat Conservation Trust,Rhinolophus ferrumequinum,"(Schreber, 1774)",,Greater Horseshoe Bat,NHMSYS0000080176,species,present,17/05/1978,17,05,1978,,,,,,SR99,51.616398,-4.962508,7071.1,,Undisclosed,,,,,,,,,"If planning to visit the site, please contact the site recorder via BCT (nbmp@bats.org.uk). For Metadata go to https://registry.nbnatlas.org/public/showDataResource/dr945",Accepted,HumanObservation,,Hibernation Survey,dr945,Bat Conservation Trust,dp57,BCT,Animalia,Chordata,Mammalia,Chiroptera,Rhinolophidae,Rhinolophus,SR,SR99,,,United Kingdom,Wales,,
694c3458-d162-47ff-aa4f-c785e282eb19,6809,OGL,Bat Conservation Trust,Rhinolophus ferrumequinum,"(Schreber, 1774)",,Greater Horseshoe Bat,NHMSYS0000080176,species,present,04/05/1978,04,05,1978,,,,,,SR99,51.616398,-4.962508,7071.1,,Undisclosed,,,,,,,,,"If planning to visit the site, please contact the site recorder via BCT (nbmp@bats.org.uk). For Metadata go to https://registry.nbnatlas.org/public/showDataResource/dr945",Accepted,HumanObservation,,Hibernation Survey,dr945,Bat Conservation Trust,dp57,BCT,Animalia,Chordata,Mammalia,Chiroptera,Rhinolophidae,Rhinolophus,SR,SR99,,,United Kingdom,Wales,,
68399923-0ac2-4794-afbd-1a64a1c13083,6344,OGL,Bat Conservation Trust,Rhinolophus ferrumequinum,"(Schreber, 1774)",,Greater Horseshoe Bat,NHMSYS0000080176,species,present,09/05/1999,09,05,1999,,,,,,SS58,51.545213,-4.092461,7071.1,,Undisclosed,,,,,,,,,"If planning to visit the site, please contact the site recorder via BCT (nbmp@bats.org.uk). For Metadata go to https://registry.nbnatlas.org/public/showDataResource/dr945",Accepted,HumanObservation,,Hibernation Survey,dr945,Bat Conservation Trust,dp57,BCT,Animalia,Chordata,Mammalia,Chiroptera,Rhinolophidae,Rhinolophus,SS,SS58,,,United Kingdom,Wales,,
63b71521-a0dc-425a-8549-745246171319,9054,OGL,Bat Conservation Trust,Rhinolophus ferrumequinum,"(Schreber, 1774)",,Greater Horseshoe Bat,NHMSYS0000080176,species,present,15/05/1979,15,05,1979,,,,,,SM90,51.70619,-4.968375,7071.1,,Undisclosed,,,,,,,,,"If planning to visit the site, please contact the site recorder via BCT (nbmp@bats.org.uk). For Metadata go to https://registry.nbnatlas.org/public/showDataResource/dr945",Accepted,HumanObservation,,Hibernation Survey,dr945,Bat Conservation Trust,dp57,BCT,Animalia,Chordata,Mammalia,Chiroptera,Rhinolophidae,Rhinolophus,SM,SM90,,,United Kingdom,Wales,,
5b9773de-a29f-4110-bb94-0ef02ccc5a26,8973,OGL,Bat Conservation Trust,Rhinolophus ferrumequinum,"(Schreber, 1774)",,Greater Horseshoe Bat,NHMSYS0000080176,species,present,22/05/1981,22,05,1981,,,,,,SM90,51.70619,-4.968375,7071.1,,Undisclosed,,,,,,,,,"If planning to visit the site, please contact the site recorder via BCT (nbmp@bats.org.uk). For Metadata go to https://registry.nbnatlas.org/public/showDataResource/dr945",Accepted,HumanObservation,,Hibernation Survey,dr945,Bat Conservation Trust,dp57,BCT,Animalia,Chordata,Mammalia,Chiroptera,Rhinolophidae,Rhinolophus,SM,SM90,,,United Kingdom,Wales,,
58d4f476-76c8-4b96-b66b-917e77235efb,7876,OGL,Bat Conservation Trust,Rhinolophus ferrumequinum,"(Schreber, 1774)",,Greater Horseshoe Bat,NHMSYS0000080176,species,present,01/05/1979,01,05,1979,,,,,,SN12,51.892766,-4.689951,7071.1,,Undisclosed,,,,,,,,,"If planning to visit the site, please contact the site recorder via BCT (nbmp@bats.org.uk). For Metadata go to https://registry.nbnatlas.org/public/showDataResource/dr945",Accepted,HumanObservation,,Hibernation Survey,dr945,Bat Conservation Trust,dp57,BCT,Animalia,Chordata,Mammalia,Chiroptera,Rhinolophidae,Rhinolophus,SN,SN12,,,United Kingdom,Wales,,
56bb7610-20af-43f8-8a05-769ed88773fc,6808,OGL,Bat Conservation Trust,Rhinolophus ferrumequinum,"(Schreber, 1774)",,Greater Horseshoe Bat,NHMSYS0000080176,species,present,03/05/1978,03,05,1978,,,,,,SR99,51.616398,-4.962508,7071.1,,Undisclosed,,,,,,,,,"If planning to visit the site, please contact the site recorder via BCT (nbmp@bats.org.uk). For Metadata go to https://registry.nbnatlas.org/public/showDataResource/dr945",Accepted,HumanObservation,,Hibernation Survey,dr945,Bat Conservation Trust,dp57,BCT,Animalia,Chordata,Mammalia,Chiroptera,Rhinolophidae,Rhinolophus,SR,SR99,,,United Kingdom,Wales,,
54d7d0cc-a5b4-4aa4-984a-64efc5b94bb5,9705,OGL,Bat Conservation Trust,Rhinolophus ferrumequinum,"(Schreber, 1774)",,Greater Horseshoe Bat,NHMSYS0000080176,species,present,29/05/1977,29,05,1977,,,,,,SS58,51.545213,-4.092461,7071.1,,Undisclosed,,,,,,,,,"If planning to visit the site, please contact the site recorder via BCT (nbmp@bats.org.uk). For Metadata go to https://registry.nbnatlas.org/public/showDataResource/dr945",Accepted,HumanObservation,,Hibernation Survey,dr945,Bat Conservation Trust,dp57,BCT,Animalia,Chordata,Mammalia,Chiroptera,Rhinolophidae,Rhinolophus,SS,SS58,,,United Kingdom,Wales,,
543427c4-48b1-48ba-a0c5-ec456419c5e9,9238,OGL,Bat Conservation Trust,Rhinolophus ferrumequinum,"(Schreber, 1774)",,Greater Horseshoe Bat,NHMSYS0000080176,species,present,31/05/1997,31,05,1997,,,,,,SS48,51.542554,-4.236558,7071.1,,Undisclosed,,,,,,,,,"If planning to visit the site, please contact the site recorder via BCT (nbmp@bats.org.uk). For Metadata go to https://registry.nbnatlas.org/public/showDataResource/dr945",Accepted,HumanObservation,,Hibernation Survey,dr945,Bat Conservation Trust,dp57,BCT,Animalia,Chordata,Mammalia,Chiroptera,Rhinolophidae,Rhinolophus,SS,SS48,,,United Kingdom,Wales,,
51a02ed5-2430-4cf8-ac0b-6595dfaa9263,8510,OGL,Bat Conservation Trust,Myotis mystacinus,"(Kuhl, 1817)",,Whiskered Bat,NHMSYS0000080183,species,present,05/05/1996,05,05,1996,,,,,,SN71,51.819602,-3.814957,7071.1,,Undisclosed,,,,,,,,,"If planning to visit the site, please contact the site recorder via BCT (nbmp@bats.org.uk). For Metadata go to https://registry.nbnatlas.org/public/showDataResource/dr945",Accepted,HumanObservation,,Hibernation Survey,dr945,Bat Conservation Trust,dp57,BCT,Animalia,Chordata,Mammalia,Chiroptera,Vespertilionidae,Myotis,SN,SN71,,,United Kingdom,Wales,,
4eaf5807-6985-4be7-b5c0-9229e877b68b,23720,OGL,Bat Conservation Trust,Rhinolophus hipposideros,"(Bechstein, 1800)",,Lesser Horseshoe Bat,NHMSYS0000080177,species,present,21/05/2014,21,05,2014,,,,,,SP11,51.833413,-1.78372,7071.1,,Undisclosed,,,,,,,,,For Metadata go to https://registry.nbnatlas.org/public/showDataResource/dr945,Accepted,HumanObservation,,Hibernation Survey,dr945,Bat Conservation Trust,dp57,BCT,Animalia,Chordata,Mammalia,Chiroptera,Rhinolophidae,Rhinolophus,SP,SP11,,,United Kingdom,England,,
4bcbdfb9-5cce-4cd3-812a-642ec9483385,9795,OGL,Bat Conservation Trust,Rhinolophus ferrumequinum,"(Schreber, 1774)",,Greater Horseshoe Bat,NHMSYS0000080176,species,present,16/05/1979,16,05,1979,,,,,,SN10,51.713143,-4.679273,7071.1,,Undisclosed,,,,,,,,,"If planning to visit the site, please contact the site recorder via BCT (nbmp@bats.org.uk). For Metadata go to https://registry.nbnatlas.org/public/showDataResource/dr945",Accepted,HumanObservation,,Hibernation Survey,dr945,Bat Conservation Trust,dp57,BCT,Animalia,Chordata,Mammalia,Chiroptera,Rhinolophidae,Rhinolophus,SN,SN10,,,United Kingdom,Wales,,
4a6c12c9-91d4-49ce-8916-e5e2ad9cc3b1,6819,OGL,Bat Conservation Trust,Rhinolophus ferrumequinum,"(Schreber, 1774)",,Greater Horseshoe Bat,NHMSYS0000080176,species,present,29/05/1978,29,05,1978,,,,,,SR99,51.616398,-4.962508,7071.1,,Undisclosed,,,,,,,,,"If planning to visit the site, please contact the site recorder via BCT (nbmp@bats.org.uk). For Metadata go to https://registry.nbnatlas.org/public/showDataResource/dr945",Accepted,HumanObservation,,Hibernation Survey,dr945,Bat Conservation Trust,dp57,BCT,Animalia,Chordata,Mammalia,Chiroptera,Rhinolophidae,Rhinolophus,SR,SR99,,,United Kingdom,Wales,,
49f140f8-6f8f-404b-9039-7f9892a0669c,6824,OGL,Bat Conservation Trust,Rhinolophus ferrumequinum,"(Schreber, 1774)",,Greater Horseshoe Bat,NHMSYS0000080176,species,present,17/05/1979,17,05,1979,,,,,,SR99,51.616398,-4.962508,7071.1,,Undisclosed,,,,,,,,,"If planning to visit the site, please contact the site recorder via BCT (nbmp@bats.org.uk). For Metadata go to https://registry.nbnatlas.org/public/showDataResource/dr945",Accepted,HumanObservation,,Hibernation Survey,dr945,Bat Conservation Trust,dp57,BCT,Animalia,Chordata,Mammalia,Chiroptera,Rhinolophidae,Rhinolophus,SR,SR99,,,United Kingdom,Wales,,
44831b74-625c-4481-acf0-665f00b2c6d1,8934,OGL,Bat Conservation Trust,Rhinolophus ferrumequinum,"(Schreber, 1774)",,Greater Horseshoe Bat,NHMSYS0000080176,species,present,22/05/1981,22,05,1981,,,,,,SM90,51.70619,-4.968375,7071.1,,Undisclosed,,,,,,,,,"If planning to visit the site, please contact the site recorder via BCT (nbmp@bats.org.uk). For Metadata go to https://registry.nbnatlas.org/public/showDataResource/dr945",Accepted,HumanObservation,,Hibernation Survey,dr945,Bat Conservation Trust,dp57,BCT,Animalia,Chordata,Mammalia,Chiroptera,Rhinolophidae,Rhinolophus,SM,SM90,,,United Kingdom,Wales,,
420d5e18-4a1d-442d-8770-7be2abc8944b,6815,OGL,Bat Conservation Trust,Rhinolophus ferrumequinum,"(Schreber, 1774)",,Greater Horseshoe Bat,NHMSYS0000080176,species,present,21/05/1978,21,05,1978,,,,,,SR99,51.616398,-4.962508,7071.1,,Undisclosed,,,,,,,,,"If planning to visit the site, please contact the site recorder via BCT (nbmp@bats.org.uk). For Metadata go to https://registry.nbnatlas.org/public/showDataResource/dr945",Accepted,HumanObservation,,Hibernation Survey,dr945,Bat Conservation Trust,dp57,BCT,Animalia,Chordata,Mammalia,Chiroptera,Rhinolophidae,Rhinolophus,SR,SR99,,,United Kingdom,Wales,,
4182d7a3-8a8d-4b56-ad18-a140157df242,6817,OGL,Bat Conservation Trust,Rhinolophus ferrumequinum,"(Schreber, 1774)",,Greater Horseshoe Bat,NHMSYS0000080176,species,present,25/05/1978,25,05,1978,,,,,,SR99,51.616398,-4.962508,7071.1,,Undisclosed,,,,,,,,,"If planning to visit the site, please contact the site recorder via BCT (nbmp@bats.org.uk). For Metadata go to https://registry.nbnatlas.org/public/showDataResource/dr945",Accepted,HumanObservation,,Hibernation Survey,dr945,Bat Conservation Trust,dp57,BCT,Animalia,Chordata,Mammalia,Chiroptera,Rhinolophidae,Rhinolophus,SR,SR99,,,United Kingdom,Wales,,
3dd7e345-7498-41b8-ab4f-50491135628c,9686,OGL,Bat Conservation Trust,Rhinolophus ferrumequinum,"(Schreber, 1774)",,Greater Horseshoe Bat,NHMSYS0000080176,species,present,04/05/1979,04,05,1979,,,,,,SS19,51.62333,-4.673976,7071.1,,Undisclosed,,,,,,,,,"If planning to visit the site, please contact the site recorder via BCT (nbmp@bats.org.uk). For Metadata go to https://registry.nbnatlas.org/public/showDataResource/dr945",Accepted,HumanObservation,,Hibernation Survey,dr945,Bat Conservation Trust,dp57,BCT,Animalia,Chordata,Mammalia,Chiroptera,Rhinolophidae,Rhinolophus,SS,SS19,,,United Kingdom,Wales,,
3cc18616-a654-4703-b1d9-b5d83f79eba0,6826,OGL,Bat Conservation Trust,Rhinolophus ferrumequinum,"(Schreber, 1774)",,Greater Horseshoe Bat,NHMSYS0000080176,species,present,28/05/1979,28,05,1979,,,,,,SR99,51.616398,-4.962508,7071.1,,Undisclosed,,,,,,,,,"If planning to visit the site, please contact the site recorder via BCT (nbmp@bats.org.uk). For Metadata go to https://registry.nbnatlas.org/public/showDataResource/dr945",Accepted,HumanObservation,,Hibernation Survey,dr945,Bat Conservation Trust,dp57,BCT,Animalia,Chordata,Mammalia,Chiroptera,Rhinolophidae,Rhinolophus,SR,SR99,,,United Kingdom,Wales,,
39557dcb-32b3-4148-8e73-ab467f6b29c6,6810,OGL,Bat Conservation Trust,Rhinolophus ferrumequinum,"(Schreber, 1774)",,Greater Horseshoe Bat,NHMSYS0000080176,species,present,05/05/1978,05,05,1978,,,,,,SR99,51.616398,-4.962508,7071.1,,Undisclosed,,,,,,,,,"If planning to visit the site, please contact the site recorder via BCT (nbmp@bats.org.uk). For Metadata go to https://registry.nbnatlas.org/public/showDataResource/dr945",Accepted,HumanObservation,,Hibernation Survey,dr945,Bat Conservation Trust,dp57,BCT,Animalia,Chordata,Mammalia,Chiroptera,Rhinolophidae,Rhinolophus,SR,SR99,,,United Kingdom,Wales,,
336a9da2-944c-4cf2-abca-68f249b66d93,8685,OGL,Bat Conservation Trust,Rhinolophus ferrumequinum,"(Schreber, 1774)",,Greater Horseshoe Bat,NHMSYS0000080176,species,present,24/05/1979,24,05,1979,,,,,,SM90,51.70619,-4.968375,7071.1,,Undisclosed,,,,,,,,,"If planning to visit the site, please contact the site recorder via BCT (nbmp@bats.org.uk). For Metadata go to https://registry.nbnatlas.org/public/showDataResource/dr945",Accepted,HumanObservation,,Hibernation Survey,dr945,Bat Conservation Trust,dp57,BCT,Animalia,Chordata,Mammalia,Chiroptera,Rhinolophidae,Rhinolophus,SM,SM90,,,United Kingdom,Wales,,
31a39b6d-b81f-4a9d-9635-fd7e50a98623,9732,OGL,Bat Conservation Trust,Plecotus auritus,"(Linnaeus, 1758)",,Brown Long-eared Bat,NBNSYS0000005102,species,present,09/05/1975,09,05,1975,,,,,,SN54,52.084307,-4.117593,7071.1,,Undisclosed,,,,,,,,,"If planning to visit the site, please contact the site recorder via BCT (nbmp@bats.org.uk). For Metadata go to https://registry.nbnatlas.org/public/showDataResource/dr945",Accepted,HumanObservation,,Hibernation Survey,dr945,Bat Conservation Trust,dp57,BCT,Animalia,Chordata,Mammalia,Chiroptera,Vespertilionidae,Plecotus,SN,SN54,,,United Kingdom,Wales,,
2b114a03-49aa-4280-a656-d0408cc09d98,9564,OGL,Bat Conservation Trust,Rhinolophus hipposideros,"(Bechstein, 1800)",,Lesser Horseshoe Bat,NHMSYS0000080177,species,present,29/05/1977,29,05,1977,,,,,,SS59,51.635066,-4.096595,7071.1,,Undisclosed,,,,,,,,,"If planning to visit the site, please contact the site recorder via BCT (nbmp@bats.org.uk). For Metadata go to https://registry.nbnatlas.org/public/showDataResource/dr945",Accepted,HumanObservation,,Hibernation Survey,dr945,Bat Conservation Trust,dp57,BCT,Animalia,Chordata,Mammalia,Chiroptera,Rhinolophidae,Rhinolophus,SS,SS59,,,United Kingdom,Wales,,
24f32c36-8597-4e5d-a947-2d02acf9cf84,6832,OGL,Bat Conservation Trust,Rhinolophus ferrumequinum,"(Schreber, 1774)",,Greater Horseshoe Bat,NHMSYS0000080176,species,present,27/05/1975,27,05,1975,,,,,,SW75,50.351815,-5.164214,7071.1,,Undisclosed,,,,,,,,,"If planning to visit the site, please contact the site recorder via BCT (nbmp@bats.org.uk). For Metadata go to https://registry.nbnatlas.org/public/showDataResource/dr945",Accepted,HumanObservation,,Hibernation Survey,dr945,Bat Conservation Trust,dp57,BCT,Animalia,Chordata,Mammalia,Chiroptera,Rhinolophidae,Rhinolophus,SW,SW75,,,United Kingdom,England,,
1d19872f-470e-4d8b-98c1-633a3dec493c,9015,OGL,Bat Conservation Trust,Rhinolophus ferrumequinum,"(Schreber, 1774)",,Greater Horseshoe Bat,NHMSYS0000080176,species,present,22/05/1981,22,05,1981,,,,,,SM90,51.70619,-4.968375,7071.1,,Undisclosed,,,,,,,,,"If planning to visit the site, please contact the site recorder via BCT (nbmp@bats.org.uk). For Metadata go to https://registry.nbnatlas.org/public/showDataResource/dr945",Accepted,HumanObservation,,Hibernation Survey,dr945,Bat Conservation Trust,dp57,BCT,Animalia,Chordata,Mammalia,Chiroptera,Rhinolophidae,Rhinolophus,SM,SM90,,,United Kingdom,Wales,,
1532cb49-12d5-44fe-bef0-1e448ec33037,9706,OGL,Bat Conservation Trust,Pipistrellus pipistrellus,"(Schreber, 1774)",sensu lato,Pipistrelle,NHMSYS0020001356,species aggregate,present,22/05/1994,22,05,1994,,,,,,SN34,52.078705,-4.409217,7071.1,,Undisclosed,,,,,,,,,"If planning to visit the site, please contact the site recorder via BCT (nbmp@bats.org.uk). For Metadata go to https://registry.nbnatlas.org/public/showDataResource/dr945",Accepted,HumanObservation,,Hibernation Survey,dr945,Bat Conservation Trust,dp57,BCT,Animalia,Chordata,Mammalia,Chiroptera,Vespertilionidae,Pipistrellus,SN,SN34,,,United Kingdom,Wales,,
0a4ac708-9a6c-4f1b-920e-ba594669d1ac,9008,OGL,Bat Conservation Trust,Rhinolophus ferrumequinum,"(Schreber, 1774)",,Greater Horseshoe Bat,NHMSYS0000080176,species,present,15/05/1979,15,05,1979,,,,,,SM90,51.70619,-4.968375,7071.1,,Undisclosed,,,,,,,,,"If planning to visit the site, please contact the site recorder via BCT (nbmp@bats.org.uk). For Metadata go to https://registry.nbnatlas.org/public/showDataResource/dr945",Accepted,HumanObservation,,Hibernation Survey,dr945,Bat Conservation Trust,dp57,BCT,Animalia,Chordata,Mammalia,Chiroptera,Rhinolophidae,Rhinolophus,SM,SM90,,,United Kingdom,Wales,,
04278fda-ebe4-43e4-b2e0-2400a32f7d59,9784,OGL,Bat Conservation Trust,Rhinolophus ferrumequinum,"(Schreber, 1774)",,Greater Horseshoe Bat,NHMSYS0000080176,species,present,30/05/1975,30,05,1975,,,,,,SW97,50.538755,-4.894415,7071.1,,Undisclosed,,,,,,,,,"If planning to visit the site, please contact the site recorder via BCT (nbmp@bats.org.uk). For Metadata go to https://registry.nbnatlas.org/public/showDataResource/dr945",Accepted,HumanObservation,,Hibernation Survey,dr945,Bat Conservation Trust,dp57,BCT,Animalia,Chordata,Mammalia,Chiroptera,Rhinolophidae,Rhinolophus,SW,SW97,,,United Kingdom,England,,
0244f103-d580-456c-a7b8-9f12fc027ea5,9402,OGL,Bat Conservation Trust,Rhinolophus hipposideros,"(Bechstein, 1800)",,Lesser Horseshoe Bat,NHMSYS0000080177,species,present,09/05/1999,09,05,1999,,,,,,SS49,51.632398,-4.240976,7071.1,,Undisclosed,,,,,,,,,"If planning to visit the site, please contact the site recorder via BCT (nbmp@bats.org.uk). For Metadata go to https://registry.nbnatlas.org/public/showDataResource/dr945",Accepted,HumanObservation,,Hibernation Survey,dr945,Bat Conservation Trust,dp57,BCT,Animalia,Chordata,Mammalia,Chiroptera,Rhinolophidae,Rhinolophus,SS,SS49,,,United Kingdom,Wales,,
ef5b4140-a1e4-42ff-a6d4-2dc584affaae,6289,OGL,Bat Conservation Trust,Rhinolophus ferrumequinum,"(Schreber, 1774)",,Greater Horseshoe Bat,NHMSYS0000080176,species,present,24/07/1994,24,07,1994,,,,,,SR99,51.616398,-4.962508,7071.1,,Undisclosed,,,,,,,,,"If planning to visit the site, please contact the site recorder via BCT (nbmp@bats.org.uk). For Metadata go to https://registry.nbnatlas.org/public/showDataResource/dr945",Accepted,HumanObservation,,Hibernation Survey,dr945,Bat Conservation Trust,dp57,BCT,Animalia,Chordata,Mammalia,Chiroptera,Rhinolophidae,Rhinolophus,SR,SR99,,,United Kingdom,Wales,,
ca5f7c6a-1ea2-443d-87ed-15e7f57ab8c7,9658,OGL,Bat Conservation Trust,Myotis nattereri,"(Kuhl, 1817)",,Natterer's Bat,NHMSYS0000080184,species,present,27/07/1975,27,07,1975,,,,,,SN02,51.889356,-4.83509,7071.1,,Undisclosed,,,,,,,,,"If planning to visit the site, please contact the site recorder via BCT (nbmp@bats.org.uk). For Metadata go to https://registry.nbnatlas.org/public/showDataResource/dr945",Accepted,HumanObservation,,Hibernation Survey,dr945,Bat Conservation Trust,dp57,BCT,Animalia,Chordata,Mammalia,Chiroptera,Vespertilionidae,Myotis,SN,SN02,,,United Kingdom,Wales,,
bf27f782-783a-4fad-b85b-5716c2e14acc,9736,OGL,Bat Conservation Trust,Myotis mystacinus/brandtii,,,Whiskered/Brandt's Bat,NHMSYS0000528030,species aggregate,present,10/07/1998,10,07,1998,,,,,,SN03,51.979153,-4.84076,7071.1,,Undisclosed,,,,,,,,,"If planning to visit the site, please contact the site recorder via BCT (nbmp@bats.org.uk). For Metadata go to https://registry.nbnatlas.org/public/showDataResource/dr945",Accepted,HumanObservation,,Hibernation Survey,dr945,Bat Conservation Trust,dp57,BCT,Animalia,Chordata,Mammalia,Chiroptera,Vespertilionidae,Myotis,SN,SN03,,,United Kingdom,Wales,,
be55349f-6851-4b66-928d-b45fb37edbfa,9668,OGL,Bat Conservation Trust,Rhinolophus ferrumequinum,"(Schreber, 1774)",,Greater Horseshoe Bat,NHMSYS0000080176,species,present,01/07/1979,01,07,1979,,,,,,SN02,51.889356,-4.83509,7071.1,,Undisclosed,,,,,,,,,"If planning to visit the site, please contact the site recorder via BCT (nbmp@bats.org.uk). For Metadata go to https://registry.nbnatlas.org/public/showDataResource/dr945",Accepted,HumanObservation,,Hibernation Survey,dr945,Bat Conservation Trust,dp57,BCT,Animalia,Chordata,Mammalia,Chiroptera,Rhinolophidae,Rhinolophus,SN,SN02,,,United Kingdom,Wales,,
b2c15248-8226-4184-a6ee-e2b5fc2a23b7,9669,OGL,Bat Conservation Trust,Rhinolophus ferrumequinum,"(Schreber, 1774)",,Greater Horseshoe Bat,NHMSYS0000080176,species,present,08/07/1979,08,07,1979,,,,,,SN02,51.889356,-4.83509,7071.1,,Undisclosed,,,,,,,,,"If planning to visit the site, please contact the site recorder via BCT (nbmp@bats.org.uk). For Metadata go to https://registry.nbnatlas.org/public/showDataResource/dr945",Accepted,HumanObservation,,Hibernation Survey,dr945,Bat Conservation Trust,dp57,BCT,Animalia,Chordata,Mammalia,Chiroptera,Rhinolophidae,Rhinolophus,SN,SN02,,,United Kingdom,Wales,,
959b9f91-3301-4449-9902-0eb5812abf80,9640,OGL,Bat Conservation Trust,Plecotus auritus,"(Linnaeus, 1758)",,Brown Long-eared Bat,NBNSYS0000005102,species,present,09/07/1997,09,07,1997,,,,,,SN01,51.799557,-4.82945,7071.1,,Undisclosed,,,,,,,,,"If planning to visit the site, please contact the site recorder via BCT (nbmp@bats.org.uk). For Metadata go to https://registry.nbnatlas.org/public/showDataResource/dr945",Accepted,HumanObservation,,Hibernation Survey,dr945,Bat Conservation Trust,dp57,BCT,Animalia,Chordata,Mammalia,Chiroptera,Vespertilionidae,Plecotus,SN,SN01,,,United Kingdom,Wales,,
82bbce9f-4da7-42a6-9deb-8543b6375173,9055,OGL,Bat Conservation Trust,Rhinolophus ferrumequinum,"(Schreber, 1774)",,Greater Horseshoe Bat,NHMSYS0000080176,species,present,05/07/1979,05,07,1979,,,,,,SM90,51.70619,-4.968375,7071.1,,Undisclosed,,,,,,,,,"If planning to visit the site, please contact the site recorder via BCT (nbmp@bats.org.uk). For Metadata go to https://registry.nbnatlas.org/public/showDataResource/dr945",Accepted,HumanObservation,,Hibernation Survey,dr945,Bat Conservation Trust,dp57,BCT,Animalia,Chordata,Mammalia,Chiroptera,Rhinolophidae,Rhinolophus,SM,SM90,,,United Kingdom,Wales,,
6a51ed59-f488-4047-833d-b72190029996,9733,OGL,Bat Conservation Trust,Rhinolophus ferrumequinum,"(Schreber, 1774)",,Greater Horseshoe Bat,NHMSYS0000080176,species,present,10/07/1998,10,07,1998,,,,,,SN03,51.979153,-4.84076,7071.1,,Undisclosed,,,,,,,,,"If planning to visit the site, please contact the site recorder via BCT (nbmp@bats.org.uk). For Metadata go to https://registry.nbnatlas.org/public/showDataResource/dr945",Accepted,HumanObservation,,Hibernation Survey,dr945,Bat Conservation Trust,dp57,BCT,Animalia,Chordata,Mammalia,Chiroptera,Rhinolophidae,Rhinolophus,SN,SN03,,,United Kingdom,Wales,,
61edce8a-5cfb-419c-bc16-202952f47615,9642,OGL,Bat Conservation Trust,Rhinolophus hipposideros,"(Bechstein, 1800)",,Lesser Horseshoe Bat,NHMSYS0000080177,species,present,09/07/1997,09,07,1997,,,,,,SN01,51.799557,-4.82945,7071.1,,Undisclosed,,,,,,,,,"If planning to visit the site, please contact the site recorder via BCT (nbmp@bats.org.uk). For Metadata go to https://registry.nbnatlas.org/public/showDataResource/dr945",Accepted,HumanObservation,,Hibernation Survey,dr945,Bat Conservation Trust,dp57,BCT,Animalia,Chordata,Mammalia,Chiroptera,Rhinolophidae,Rhinolophus,SN,SN01,,,United Kingdom,Wales,,
5c4f9a7e-12fd-4661-be8f-d9a5c6f40f8d,8971,OGL,Bat Conservation Trust,Rhinolophus ferrumequinum,"(Schreber, 1774)",,Greater Horseshoe Bat,NHMSYS0000080176,species,present,05/07/1979,05,07,1979,,,,,,SM90,51.70619,-4.968375,7071.1,,Undisclosed,,,,,,,,,"If planning to visit the site, please contact the site recorder via BCT (nbmp@bats.org.uk). For Metadata go to https://registry.nbnatlas.org/public/showDataResource/dr945",Accepted,HumanObservation,,Hibernation Survey,dr945,Bat Conservation Trust,dp57,BCT,Animalia,Chordata,Mammalia,Chiroptera,Rhinolophidae,Rhinolophus,SM,SM90,,,United Kingdom,Wales,,
48ffdf2f-7ad7-4306-80f0-731f70f67189,9177,OGL,Bat Conservation Trust,Rhinolophus ferrumequinum,"(Schreber, 1774)",,Greater Horseshoe Bat,NHMSYS0000080176,species,present,09/07/1997,09,07,1997,,,,,,SN01,51.799557,-4.82945,7071.1,,Undisclosed,,,,,,,,,"If planning to visit the site, please contact the site recorder via BCT (nbmp@bats.org.uk). For Metadata go to https://registry.nbnatlas.org/public/showDataResource/dr945",Accepted,HumanObservation,,Hibernation Survey,dr945,Bat Conservation Trust,dp57,BCT,Animalia,Chordata,Mammalia,Chiroptera,Rhinolophidae,Rhinolophus,SN,SN01,,,United Kingdom,Wales,,
3b04dce3-7571-4677-a4d2-7de74c60d18a,9657,OGL,Bat Conservation Trust,Chiroptera,"Blumenbach, 1779",,Bat,NHMSYS0000376160,order,present,27/07/1975,27,07,1975,,,,,,SN02,51.889356,-4.83509,7071.1,,Undisclosed,,,,,,,,,"If planning to visit the site, please contact the site recorder via BCT (nbmp@bats.org.uk). For Metadata go to https://registry.nbnatlas.org/public/showDataResource/dr945",Accepted,HumanObservation,,Hibernation Survey,dr945,Bat Conservation Trust,dp57,BCT,Animalia,Chordata,Mammalia,Chiroptera,,,SN,SN02,,,United Kingdom,Wales,,
33452a9a-ba18-4e7a-8b3b-edddf392cf91,6820,OGL,Bat Conservation Trust,Rhinolophus ferrumequinum,"(Schreber, 1774)",,Greater Horseshoe Bat,NHMSYS0000080176,species,present,23/07/1978,23,07,1978,,,,,,SR99,51.616398,-4.962508,7071.1,,Undisclosed,,,,,,,,,"If planning to visit the site, please contact the site recorder via BCT (nbmp@bats.org.uk). For Metadata go to https://registry.nbnatlas.org/public/showDataResource/dr945",Accepted,HumanObservation,,Hibernation Survey,dr945,Bat Conservation Trust,dp57,BCT,Animalia,Chordata,Mammalia,Chiroptera,Rhinolophidae,Rhinolophus,SR,SR99,,,United Kingdom,Wales,,
2c848372-2976-409d-8655-38fe49af2e86,9322,OGL,Bat Conservation Trust,Rhinolophus ferrumequinum,"(Schreber, 1774)",,Greater Horseshoe Bat,NHMSYS0000080176,species,present,02/07/1979,02,07,1979,,,,,,SM80,51.702446,-5.11288,7071.1,,Undisclosed,,,,,,,,,"If planning to visit the site, please contact the site recorder via BCT (nbmp@bats.org.uk). For Metadata go to https://registry.nbnatlas.org/public/showDataResource/dr945",Accepted,HumanObservation,,Hibernation Survey,dr945,Bat Conservation Trust,dp57,BCT,Animalia,Chordata,Mammalia,Chiroptera,Rhinolophidae,Rhinolophus,SM,SM80,,,United Kingdom,Wales,,
2c6951df-e788-4c2d-b1db-821d42e8ab0d,9887,OGL,Bat Conservation Trust,Rhinolophus hipposideros,"(Bechstein, 1800)",,Lesser Horseshoe Bat,NHMSYS0000080177,species,present,05/07/1977,05,07,1977,,,,,,SS58,51.545213,-4.092461,7071.1,,Undisclosed,,,,,,,,,"If planning to visit the site, please contact the site recorder via BCT (nbmp@bats.org.uk). For Metadata go to https://registry.nbnatlas.org/public/showDataResource/dr945",Accepted,HumanObservation,,Hibernation Survey,dr945,Bat Conservation Trust,dp57,BCT,Animalia,Chordata,Mammalia,Chiroptera,Rhinolophidae,Rhinolophus,SS,SS58,,,United Kingdom,Wales,,
0fd499d8-bca5-44f4-a079-789fd481059b,8265,OGL,Bat Conservation Trust,Rhinolophus ferrumequinum,"(Schreber, 1774)",,Greater Horseshoe Bat,NHMSYS0000080176,species,present,10/07/1998,10,07,1998,,,,,,SN04,52.068949,-4.84646,7071.1,,Undisclosed,,,,,,,,,"If planning to visit the site, please contact the site recorder via BCT (nbmp@bats.org.uk). For Metadata go to https://registry.nbnatlas.org/public/showDataResource/dr945",Accepted,HumanObservation,,Hibernation Survey,dr945,Bat Conservation Trust,dp57,BCT,Animalia,Chordata,Mammalia,Chiroptera,Rhinolophidae,Rhinolophus,SN,SN04,,,United Kingdom,Wales,,
080b5d7f-cb5f-4f1e-a475-ec81fa482655,9641,OGL,Bat Conservation Trust,Rhinolophus ferrumequinum,"(Schreber, 1774)",,Greater Horseshoe Bat,NHMSYS0000080176,species,present,09/07/1997,09,07,1997,,,,,,SN01,51.799557,-4.82945,7071.1,,Undisclosed,,,,,,,,,"If planning to visit the site, please contact the site recorder via BCT (nbmp@bats.org.uk). For Metadata go to https://registry.nbnatlas.org/public/showDataResource/dr945",Accepted,HumanObservation,,Hibernation Survey,dr945,Bat Conservation Trust,dp57,BCT,Animalia,Chordata,Mammalia,Chiroptera,Rhinolophidae,Rhinolophus,SN,SN01,,,United Kingdom,Wales,,
fd0ee5a2-d4c5-4a66-8c4a-41bb23ff17b9,9762,OGL,Bat Conservation Trust,Rhinolophus ferrumequinum,"(Schreber, 1774)",,Greater Horseshoe Bat,NHMSYS0000080176,species,present,25/10/1978,25,10,1978,,,,,,SN51,51.814768,-4.104929,7071.1,,Undisclosed,,,,,,,,,"If planning to visit the site, please contact the site recorder via BCT (nbmp@bats.org.uk). For Metadata go to https://registry.nbnatlas.org/public/showDataResource/dr945",Accepted,HumanObservation,,Hibernation Survey,dr945,Bat Conservation Trust,dp57,BCT,Animalia,Chordata,Mammalia,Chiroptera,Rhinolophidae,Rhinolophus,SN,SN51,,,United Kingdom,Wales,,
fcf56fb7-f1db-4d98-8169-f5607acb0ce4,21678,OGL,Bat Conservation Trust,Myotis nattereri,"(Kuhl, 1817)",,Natterer's Bat,NHMSYS0000080184,species,present,20/10/2013,20,10,2013,,,,,,TL11,51.821799,-0.332864,7071.1,,Undisclosed,,,,,,,,,For Metadata go to https://registry.nbnatlas.org/public/showDataResource/dr945,Accepted,HumanObservation,,Hibernation Survey,dr945,Bat Conservation Trust,dp57,BCT,Animalia,Chordata,Mammalia,Chiroptera,Vespertilionidae,Myotis,TL,TL11,,,United Kingdom,England,,
fcdec895-1339-4613-ad27-99140895a9c4,19623,OGL,Bat Conservation Trust,Pipistrellus pipistrellus,"(Schreber, 1774)",sensu lato,Pipistrelle,NHMSYS0020001356,species aggregate,present,11/10/1992,11,10,1992,,,,,,NN70,56.221087,-4.01745,7071.1,,Undisclosed,,,,,,,,,For Metadata go to https://registry.nbnatlas.org/public/showDataResource/dr945,Accepted,HumanObservation,,Hibernation Survey,dr945,Bat Conservation Trust,dp57,BCT,Animalia,Chordata,Mammalia,Chiroptera,Vespertilionidae,Pipistrellus,NN,NN70,,,United Kingdom,Scotland,,
fa83c5dc-bb75-4ed0-8786-2b4baacac1cf,9374,OGL,Bat Conservation Trust,Rhinolophus ferrumequinum,"(Schreber, 1774)",,Greater Horseshoe Bat,NHMSYS0000080176,species,present,26/10/1977,26,10,1977,,,,,,SM90,51.70619,-4.968375,7071.1,,Undisclosed,,,,,,,,,"If planning to visit the site, please contact the site recorder via BCT (nbmp@bats.org.uk). For Metadata go to https://registry.nbnatlas.org/public/showDataResource/dr945",Accepted,HumanObservation,,Hibernation Survey,dr945,Bat Conservation Trust,dp57,BCT,Animalia,Chordata,Mammalia,Chiroptera,Rhinolophidae,Rhinolophus,SM,SM90,,,United Kingdom,Wales,,
fa5c8a69-f67c-4b33-bbe3-85a8cb898a85,22639,OGL,Bat Conservation Trust,Rhinolophus hipposideros,"(Bechstein, 1800)",,Lesser Horseshoe Bat,NHMSYS0000080177,species,present,27/10/1996,27,10,1996,,,,,,SH97,53.261574,-3.575586,7071.1,,Undisclosed,,,,,,,,,For Metadata go to https://registry.nbnatlas.org/public/showDataResource/dr945,Accepted,HumanObservation,,Hibernation Survey,dr945,Bat Conservation Trust,dp57,BCT,Animalia,Chordata,Mammalia,Chiroptera,Rhinolophidae,Rhinolophus,SH,SH97,,,United Kingdom,Wales,,
f9f70ff6-8c8a-4814-a217-fd6994d63287,37089,OGL,Bat Conservation Trust,Plecotus auritus,"(Linnaeus, 1758)",,Brown Long-eared Bat,NBNSYS0000005102,species,present,19/10/2021,19,10,2021,,,,,,TQ28,51.550053,-0.198582,7071.1,,Undisclosed,,,,,,,,,For Metadata go to https://registry.nbnatlas.org/public/showDataResource/dr945,Accepted,HumanObservation,,Hibernation Survey,dr945,Bat Conservation Trust,dp57,BCT,Animalia,Chordata,Mammalia,Chiroptera,Vespertilionidae,Plecotus,TQ,TQ28,,,United Kingdom,England,,
f9ee4eb6-6a97-4f3b-9111-dcf49b746e5a,36324,OGL,Bat Conservation Trust,Myotis nattereri,"(Kuhl, 1817)",,Natterer's Bat,NHMSYS0000080184,species,present,22/10/2019,22,10,2019,,,,,,TQ35,51.278158,-0.065855,7071.1,,Undisclosed,,,,,,,,,For Metadata go to https://registry.nbnatlas.org/public/showDataResource/dr945,Accepted,HumanObservation,,Hibernation Survey,dr945,Bat Conservation Trust,dp57,BCT,Animalia,Chordata,Mammalia,Chiroptera,Vespertilionidae,Myotis,TQ,TQ35,,,United Kingdom,England,,
f874aab3-81f9-466a-a098-2e55323ac295,30591,OGL,Bat Conservation Trust,Rhinolophus hipposideros,"(Bechstein, 1800)",,Lesser Horseshoe Bat,NHMSYS0000080177,species,present,01/10/1992,01,10,1992,,,,,,SJ11,52.725941,-3.260043,7071.1,,Undisclosed,,,,,,,,,For Metadata go to https://registry.nbnatlas.org/public/showDataResource/dr945,Accepted,HumanObservation,,Hibernation Survey,dr945,Bat Conservation Trust,dp57,BCT,Animalia,Chordata,Mammalia,Chiroptera,Rhinolophidae,Rhinolophus,SJ,SJ11,,,United Kingdom,Wales,,
f6f58ce4-c007-4ac9-b24e-0b2f3cce7fe3,19680,OGL,Bat Conservation Trust,Plecotus auritus,"(Linnaeus, 1758)",,Brown Long-eared Bat,NBNSYS0000005102,species,present,03/10/1999,03,10,1999,,,,,,NN70,56.221087,-4.01745,7071.1,,Undisclosed,,,,,,,,,For Metadata go to https://registry.nbnatlas.org/public/showDataResource/dr945,Accepted,HumanObservation,,Hibernation Survey,dr945,Bat Conservation Trust,dp57,BCT,Animalia,Chordata,Mammalia,Chiroptera,Vespertilionidae,Plecotus,NN,NN70,,,United Kingdom,Scotland,,
